day,date,post_time,content_type,product,hook,script,cta,hashtags,caption,text_overlay,status
1,2026-02-28,12:00,product_demo,2 Pieces Foldable A-Frame Trellis Plant Supports with Twist Ties,TikTok made me buy it and I'm not mad: 2 Pieces Foldable,"[0-3s] TikTok made me buy it and I'm not mad: 2 Pieces Foldable
[3-8s] Show the product in use - highlight key feature
[8-15s] Show result/benefit
[15-20s] Show different use cases
[20-25s] Price reveal with shock face
[25-30s] CTA",Link in bio - only 67.11,#tiktokmademebuyit #amazonfinds #musthave,"Why didn't anyone tell me about 2 Pieces Foldable A-Frame Trellis Plant Supports with Twist Ties sooner?! 🤯

Link in bio + use code TIKTOK10",Wait for it...|This is genius|Only 67.11|Link in bio 🔗,scheduled
1,2026-02-28,19:00,product_demo,2 Pieces Foldable A-Frame Trellis Plant Supports with Twist Ties,This is your sign to get 2 Pieces Foldable,"[0-3s] This is your sign to get 2 Pieces Foldable
[3-8s] Show the product in use - highlight key feature
[8-15s] Show result/benefit
[15-20s] Show different use cases
[20-25s] Price reveal with shock face
[25-30s] CTA",Link in bio - only 67.11,#tiktokmademebuyit #amazonfinds #musthave,"Why didn't anyone tell me about 2 Pieces Foldable A-Frame Trellis Plant Supports with Twist Ties sooner?! 🤯

Link in bio + use code TIKTOK10",Wait for it...|This is genius|Only 67.11|Link in bio 🔗,scheduled
1,2026-02-28,12:00,product_demo,2 Pieces Foldable A-Frame Trellis Plant Supports with Twist Ties,This is the 2 Pieces Foldable your bedroom needs,"[0-3s] This is the 2 Pieces Foldable your bedroom needs
[3-8s] Show the product in use - highlight key feature
[8-15s] Show result/benefit
[15-20s] Show different use cases
[20-25s] Price reveal with shock face
[25-30s] CTA",Link in bio - only 67.11,#tiktokmademebuyit #amazonfinds #musthave,"Why didn't anyone tell me about 2 Pieces Foldable A-Frame Trellis Plant Supports with Twist Ties sooner?! 🤯

Link in bio + use code TIKTOK10",Wait for it...|This is genius|Only 67.11|Link in bio 🔗,scheduled
2,2026-03-01,8:00,before_after,"24 Oz Jumbo Coffee Mug Set of 4, Cute 24 Ounce Ceramic Mugcup Set in Gradient Blue Color, Best Coffee Mug for Birthday Gift, or DIY Decoration",The before and after will shock you 😱,"[0-3s] The before and after will shock you 😱
[3-5s] Show messy/problem state
[5-8s] Add 24 Oz Jumbo Coffee Mug Set of 4, Cute 24 Ounce Ceramic Mugcup Set in Gradient Blue Color, Best Coffee Mug for Birthday Gift, or DIY Decoration 
[8-12s] Quick transformation montage
[12-15s] Reveal organized/beautiful result
[15-20s] Your reaction + CTA",Get organized - link in bio!,#beforeandafter #transformation #organization #satisfying,"POV: You discovered the 24 Oz Jumbo Coffee Mug Set of 4, Cute 24 Ounce Ceramic Mugcup Set in Gradient Blue Color, Best Coffee Mug for Birthday Gift, or DIY Decoration ✨

Link in bio to transform your space!",Before 😫|After ✨|Game changer!,scheduled
2,2026-03-01,20:00,before_after,"24 Oz Jumbo Coffee Mug Set of 4, Cute 24 Ounce Ceramic Mugcup Set in Gradient Blue Color, Best Coffee Mug for Birthday Gift, or DIY Decoration",The before and after will shock you 😱,"[0-3s] The before and after will shock you 😱
[3-5s] Show messy/problem state
[5-8s] Add 24 Oz Jumbo Coffee Mug Set of 4, Cute 24 Ounce Ceramic Mugcup Set in Gradient Blue Color, Best Coffee Mug for Birthday Gift, or DIY Decoration 
[8-12s] Quick transformation montage
[12-15s] Reveal organized/beautiful result
[15-20s] Your reaction + CTA",Get organized - link in bio!,#beforeandafter #transformation #organization #satisfying,"POV: You discovered the 24 Oz Jumbo Coffee Mug Set of 4, Cute 24 Ounce Ceramic Mugcup Set in Gradient Blue Color, Best Coffee Mug for Birthday Gift, or DIY Decoration ✨

Link in bio to transform your space!",Before 😫|After ✨|Game changer!,scheduled
3,2026-03-02,13:00,transformation,3 Ft. X 5 Ft. U.S. Army Armed Forces Flag,"If you have a small apartment, you NEED this","[0-3s] If you have a small apartment, you NEED this
[3-8s] Show the product in use - highlight key feature
[8-15s] Show result/benefit
[15-20s] Show different use cases
[20-25s] Price reveal with shock face
[25-30s] CTA",Link in bio - only 56.04,#tiktokmademebuyit #amazonfinds #musthave,"Add to cart energy 🛒✨

3 Ft. X 5 Ft. U.S. Army Armed Forces Flag
Link in bio!",Wait for it...|This is genius|Only 56.04|Link in bio 🔗,scheduled
3,2026-03-02,21:00,transformation,3 Ft. X 5 Ft. U.S. Army Armed Forces Flag,Stop scrolling if you hate messy spaces,"[0-3s] Stop scrolling if you hate messy spaces
[3-8s] Show the product in use - highlight key feature
[8-15s] Show result/benefit
[15-20s] Show different use cases
[20-25s] Price reveal with shock face
[25-30s] CTA",Link in bio - only 56.04,#tiktokmademebuyit #amazonfinds #musthave,"The way this changed everything... ✨

3 Ft. X 5 Ft. U.S. Army Armed Forces Flag - link in bio!",Wait for it...|This is genius|Only 56.04|Link in bio 🔗,scheduled
4,2026-03-03,9:00,tips_educational,anti Fatigue Kitchen Mat Set of 2 Farmhouse Kitchen Rugs and Mats Non Slip Thick Cushioned Kitchen Floor Mats Waterproof Heavy Duty PVC Foam Kitchen Rug Runner Comfort Standing Mat Black,Things that just make sense: anti Fatigue Kitchen,"[0-3s] Things that just make sense: anti Fatigue Kitchen
[3-8s] Show the product in use - highlight key feature
[8-15s] Show result/benefit
[15-20s] Show different use cases
[20-25s] Price reveal with shock face
[25-30s] CTA",Link in bio - only 165.01,#tiktokmademebuyit #amazonfinds #musthave #kitchenhacks #kitchenorganization #cookinghacks,"Why didn't anyone tell me about anti Fatigue Kitchen Mat Set of 2 Farmhouse Kitchen Rugs and Mats Non Slip Thick Cushioned Kitchen Floor Mats Waterproof Heavy Duty PVC Foam Kitchen Rug Runner Comfort Standing Mat Black sooner?! 🤯

Link in bio + use code TIKTOK10",Wait for it...|This is genius|Only 165.01|Link in bio 🔗,scheduled
4,2026-03-03,15:00,tips_educational,anti Fatigue Kitchen Mat Set of 2 Farmhouse Kitchen Rugs and Mats Non Slip Thick Cushioned Kitchen Floor Mats Waterproof Heavy Duty PVC Foam Kitchen Rug Runner Comfort Standing Mat Black,"If you're still using regular organizers, stop ✋","[0-3s] If you're still using regular organizers, stop ✋
[3-8s] Show the product in use - highlight key feature
[8-15s] Show result/benefit
[15-20s] Show different use cases
[20-25s] Price reveal with shock face
[25-30s] CTA",Link in bio - only 165.01,#tiktokmademebuyit #amazonfinds #musthave #kitchenhacks #kitchenorganization #cookinghacks,"This anti Fatigue Kitchen Mat Set of 2 Farmhouse Kitchen Rugs and Mats Non Slip Thick Cushioned Kitchen Floor Mats Waterproof Heavy Duty PVC Foam Kitchen Rug Runner Comfort Standing Mat Black went viral for a reason 🔥

Get yours - link in bio!",Wait for it...|This is genius|Only 165.01|Link in bio 🔗,scheduled
4,2026-03-03,9:00,tips_educational,anti Fatigue Kitchen Mat Set of 2 Farmhouse Kitchen Rugs and Mats Non Slip Thick Cushioned Kitchen Floor Mats Waterproof Heavy Duty PVC Foam Kitchen Rug Runner Comfort Standing Mat Black,This anti Fatigue Kitchen saved my morning routine,"[0-3s] This anti Fatigue Kitchen saved my morning routine
[3-8s] Show the product in use - highlight key feature
[8-15s] Show result/benefit
[15-20s] Show different use cases
[20-25s] Price reveal with shock face
[25-30s] CTA",Link in bio - only 165.01,#tiktokmademebuyit #amazonfinds #musthave #kitchenhacks #kitchenorganization #cookinghacks,"The way this changed everything... ✨

anti Fatigue Kitchen Mat Set of 2 Farmhouse Kitchen Rugs and Mats Non Slip Thick Cushioned Kitchen Floor Mats Waterproof Heavy Duty PVC Foam Kitchen Rug Runner Comfort Standing Mat Black - link in bio!",Wait for it...|This is genius|Only 165.01|Link in bio 🔗,scheduled
5,2026-03-04,20:00,asmr_satisfying,Antibacterial Wall Paint – Strong Repair Latex Paint with Roller Brush for Living Room & Kitchen,TikTok made me buy it and I'm not mad: Antibacterial Wall Paint,"[0-3s] TikTok made me buy it and I'm not mad: Antibacterial Wall Paint
[3-8s] Show the product in use - highlight key feature
[8-15s] Show result/benefit
[15-20s] Show different use cases
[20-25s] Price reveal with shock face
[25-30s] CTA",Link in bio - only 45.00,#tiktokmademebuyit #amazonfinds #musthave #kitchenhacks #kitchenorganization #cookinghacks,"The way this changed everything... ✨

Antibacterial Wall Paint – Strong Repair Latex Paint with Roller Brush for Living Room & Kitchen - link in bio!",Wait for it...|This is genius|Only 45.00|Link in bio 🔗,scheduled
5,2026-03-04,22:00,asmr_satisfying,Antibacterial Wall Paint – Strong Repair Latex Paint with Roller Brush for Living Room & Kitchen,"If you're still using regular organizers, stop ✋","[0-3s] If you're still using regular organizers, stop ✋
[3-8s] Show the product in use - highlight key feature
[8-15s] Show result/benefit
[15-20s] Show different use cases
[20-25s] Price reveal with shock face
[25-30s] CTA",Link in bio - only 45.00,#tiktokmademebuyit #amazonfinds #musthave #kitchenhacks #kitchenorganization #cookinghacks,"Add to cart energy 🛒✨

Antibacterial Wall Paint – Strong Repair Latex Paint with Roller Brush for Living Room & Kitchen
Link in bio!",Wait for it...|This is genius|Only 45.00|Link in bio 🔗,scheduled
6,2026-03-05,19:00,storytime,"Baby Groot Pen Pot Tree Man Pens Holder or Flower Pot with Drainage Hole Perfect for a Tiny Succulents Plants 6"" (Grayish Brown)",Storytime: how this changed my life,"[0-5s] Storytime: how this changed my life
[5-15s] Tell relatable story about the problem
[15-30s] Discovery moment
[30-45s] Using the product
[45-60s] Results + recommendation
[60-75s] CTA + personal endorsement",Link in bio - game changer!,#storytime #review #honestreview #worthit,"Real talk about Baby Groot Pen Pot Tree Man Pens Holder or Flower Pot with Drainage Hole Perfect for a Tiny Succulents Plants 6"" (Grayish Brown)

Spoiler: 10/10 recommend ⭐
Link in bio!",Storytime 📖|Part 1,scheduled
6,2026-03-05,21:00,storytime,"Baby Groot Pen Pot Tree Man Pens Holder or Flower Pot with Drainage Hole Perfect for a Tiny Succulents Plants 6"" (Grayish Brown)",Storytime: how this changed my life,"[0-5s] Storytime: how this changed my life
[5-15s] Tell relatable story about the problem
[15-30s] Discovery moment
[30-45s] Using the product
[45-60s] Results + recommendation
[60-75s] CTA + personal endorsement",Link in bio - game changer!,#storytime #review #honestreview #worthit,"Real talk about Baby Groot Pen Pot Tree Man Pens Holder or Flower Pot with Drainage Hole Perfect for a Tiny Succulents Plants 6"" (Grayish Brown)

Spoiler: 10/10 recommend ⭐
Link in bio!",Storytime 📖|Part 1,scheduled
7,2026-03-06,12:00,product_demo,Bathroom Organizer Countertop Storage Caddy,This Bathroom Organizer Countertop went viral for a reason,"[0-3s] This Bathroom Organizer Countertop went viral for a reason
[3-8s] Show the product in use - highlight key feature
[8-15s] Show result/benefit
[15-20s] Show different use cases
[20-25s] Price reveal with shock face
[25-30s] CTA",Link in bio - only 23.99,#tiktokmademebuyit #amazonfinds #musthave #bathroomorganization #bathroomdecor #selfcare,"Why didn't anyone tell me about Bathroom Organizer Countertop Storage Caddy sooner?! 🤯

Link in bio + use code TIKTOK10",Wait for it...|This is genius|Only 23.99|Link in bio 🔗,scheduled
7,2026-03-06,19:00,product_demo,Bathroom Organizer Countertop Storage Caddy,The way this Bathroom Organizer Countertop changed everything...,"[0-3s] The way this Bathroom Organizer Countertop changed everything...
[3-8s] Show the product in use - highlight key feature
[8-15s] Show result/benefit
[15-20s] Show different use cases
[20-25s] Price reveal with shock face
[25-30s] CTA",Link in bio - only 23.99,#tiktokmademebuyit #amazonfinds #musthave #bathroomorganization #bathroomdecor #selfcare,"The way this changed everything... ✨

Bathroom Organizer Countertop Storage Caddy - link in bio!",Wait for it...|This is genius|Only 23.99|Link in bio 🔗,scheduled
7,2026-03-06,12:00,product_demo,Bathroom Organizer Countertop Storage Caddy,This Bathroom Organizer Countertop went viral for a reason,"[0-3s] This Bathroom Organizer Countertop went viral for a reason
[3-8s] Show the product in use - highlight key feature
[8-15s] Show result/benefit
[15-20s] Show different use cases
[20-25s] Price reveal with shock face
[25-30s] CTA",Link in bio - only 23.99,#tiktokmademebuyit #amazonfinds #musthave #bathroomorganization #bathroomdecor #selfcare,"Add to cart energy 🛒✨

Bathroom Organizer Countertop Storage Caddy
Link in bio!",Wait for it...|This is genius|Only 23.99|Link in bio 🔗,scheduled
8,2026-03-07,8:00,before_after,Cabinet Pan Organizer Rack 5 Tier,The before and after will shock you 😱,"[0-3s] The before and after will shock you 😱
[3-5s] Show messy/problem state
[5-8s] Add Cabinet Pan Organizer Rack 5 Tier 
[8-12s] Quick transformation montage
[12-15s] Reveal organized/beautiful result
[15-20s] Your reaction + CTA",Get organized - link in bio!,#beforeandafter #transformation #organization #satisfying,"POV: You discovered the Cabinet Pan Organizer Rack 5 Tier ✨

Link in bio to transform your space!",Before 😫|After ✨|Game changer!,scheduled
8,2026-03-07,20:00,before_after,Cabinet Pan Organizer Rack 5 Tier,The before and after will shock you 😱,"[0-3s] The before and after will shock you 😱
[3-5s] Show messy/problem state
[5-8s] Add Cabinet Pan Organizer Rack 5 Tier 
[8-12s] Quick transformation montage
[12-15s] Reveal organized/beautiful result
[15-20s] Your reaction + CTA",Get organized - link in bio!,#beforeandafter #transformation #organization #satisfying,"POV: You discovered the Cabinet Pan Organizer Rack 5 Tier ✨

Link in bio to transform your space!",Before 😫|After ✨|Game changer!,scheduled
9,2026-03-08,13:00,transformation,Cable Management Box Cord Organizer,The way this Cable Management Box changed everything...,"[0-3s] The way this Cable Management Box changed everything...
[3-8s] Show the product in use - highlight key feature
[8-15s] Show result/benefit
[15-20s] Show different use cases
[20-25s] Price reveal with shock face
[25-30s] CTA",Link in bio - only 32.99,#tiktokmademebuyit #amazonfinds #musthave,"Add to cart energy 🛒✨

Cable Management Box Cord Organizer
Link in bio!",Wait for it...|This is genius|Only 32.99|Link in bio 🔗,scheduled
9,2026-03-08,21:00,transformation,Cable Management Box Cord Organizer,"If you're still using regular organizers, stop ✋","[0-3s] If you're still using regular organizers, stop ✋
[3-8s] Show the product in use - highlight key feature
[8-15s] Show result/benefit
[15-20s] Show different use cases
[20-25s] Price reveal with shock face
[25-30s] CTA",Link in bio - only 32.99,#tiktokmademebuyit #amazonfinds #musthave,"POV: You found the perfect Cable Management Box Cord Organizer 🥹

Link in bio!",Wait for it...|This is genius|Only 32.99|Link in bio 🔗,scheduled
10,2026-03-09,9:00,tips_educational,Closet Organizer Storage Bins Foldable Fabric Baskets,POV: You finally found the perfect Closet Organizer Storage,"[0-3s] POV: You finally found the perfect Closet Organizer Storage
[3-8s] Show the product in use - highlight key feature
[8-15s] Show result/benefit
[15-20s] Show different use cases
[20-25s] Price reveal with shock face
[25-30s] CTA",Link in bio - only 36.99,#tiktokmademebuyit #amazonfinds #musthave,"Add to cart energy 🛒✨

Closet Organizer Storage Bins Foldable Fabric Baskets
Link in bio!",Wait for it...|This is genius|Only 36.99|Link in bio 🔗,scheduled
10,2026-03-09,15:00,tips_educational,Closet Organizer Storage Bins Foldable Fabric Baskets,Stop scrolling if you hate messy spaces,"[0-3s] Stop scrolling if you hate messy spaces
[3-8s] Show the product in use - highlight key feature
[8-15s] Show result/benefit
[15-20s] Show different use cases
[20-25s] Price reveal with shock face
[25-30s] CTA",Link in bio - only 36.99,#tiktokmademebuyit #amazonfinds #musthave,"This Closet Organizer Storage Bins Foldable Fabric Baskets went viral for a reason 🔥

Get yours - link in bio!",Wait for it...|This is genius|Only 36.99|Link in bio 🔗,scheduled
10,2026-03-09,9:00,tips_educational,Closet Organizer Storage Bins Foldable Fabric Baskets,TikTok made me buy it and I'm not mad: Closet Organizer Storage,"[0-3s] TikTok made me buy it and I'm not mad: Closet Organizer Storage
[3-8s] Show the product in use - highlight key feature
[8-15s] Show result/benefit
[15-20s] Show different use cases
[20-25s] Price reveal with shock face
[25-30s] CTA",Link in bio - only 36.99,#tiktokmademebuyit #amazonfinds #musthave,"The way this changed everything... ✨

Closet Organizer Storage Bins Foldable Fabric Baskets - link in bio!",Wait for it...|This is genius|Only 36.99|Link in bio 🔗,scheduled
11,2026-03-10,20:00,asmr_satisfying,"D5 Starry Moon Lamp 8Cm - LED Night Light with Stand, Perfect for Bedroom Decor and Gifts",POV: You finally found the perfect D5 Starry Moon,"[0-3s] POV: You finally found the perfect D5 Starry Moon
[3-8s] Show the product in use - highlight key feature
[8-15s] Show result/benefit
[15-20s] Show different use cases
[20-25s] Price reveal with shock face
[25-30s] CTA",Link in bio - only 7.99,#tiktokmademebuyit #amazonfinds #musthave #bedroomdecor #roommakeover #homedecor,"Why didn't anyone tell me about D5 Starry Moon Lamp 8Cm - LED Night Light with Stand, Perfect for Bedroom Decor and Gifts sooner?! 🤯

Link in bio + use code TIKTOK10",Wait for it...|This is genius|Only 7.99|Link in bio 🔗,scheduled
11,2026-03-10,22:00,asmr_satisfying,"D5 Starry Moon Lamp 8Cm - LED Night Light with Stand, Perfect for Bedroom Decor and Gifts",This is the D5 Starry Moon your bedroom needs,"[0-3s] This is the D5 Starry Moon your bedroom needs
[3-8s] Show the product in use - highlight key feature
[8-15s] Show result/benefit
[15-20s] Show different use cases
[20-25s] Price reveal with shock face
[25-30s] CTA",Link in bio - only 7.99,#tiktokmademebuyit #amazonfinds #musthave #bedroomdecor #roommakeover #homedecor,"This D5 Starry Moon Lamp 8Cm - LED Night Light with Stand, Perfect for Bedroom Decor and Gifts went viral for a reason 🔥

Get yours - link in bio!",Wait for it...|This is genius|Only 7.99|Link in bio 🔗,scheduled
12,2026-03-11,19:00,storytime,DALI Melting Clock,Storytime: how this changed my life,"[0-5s] Storytime: how this changed my life
[5-15s] Tell relatable story about the problem
[15-30s] Discovery moment
[30-45s] Using the product
[45-60s] Results + recommendation
[60-75s] CTA + personal endorsement",Link in bio - game changer!,#storytime #review #honestreview #worthit,"Real talk about DALI Melting Clock

Spoiler: 10/10 recommend ⭐
Link in bio!",Storytime 📖|Part 1,scheduled
12,2026-03-11,21:00,storytime,DALI Melting Clock,Storytime: how this changed my life,"[0-5s] Storytime: how this changed my life
[5-15s] Tell relatable story about the problem
[15-30s] Discovery moment
[30-45s] Using the product
[45-60s] Results + recommendation
[60-75s] CTA + personal endorsement",Link in bio - game changer!,#storytime #review #honestreview #worthit,"Real talk about DALI Melting Clock

Spoiler: 10/10 recommend ⭐
Link in bio!",Storytime 📖|Part 1,scheduled
13,2026-03-12,12:00,product_demo,Desk Organizer with Drawer Office Supplies Caddy,POV: You finally found the perfect Desk Organizer with,"[0-3s] POV: You finally found the perfect Desk Organizer with
[3-8s] Show the product in use - highlight key feature
[8-15s] Show result/benefit
[15-20s] Show different use cases
[20-25s] Price reveal with shock face
[25-30s] CTA",Link in bio - only 25.99,#tiktokmademebuyit #amazonfinds #musthave #desksetup #officedecor #workfromhome,"Add to cart energy 🛒✨

Desk Organizer with Drawer Office Supplies Caddy
Link in bio!",Wait for it...|This is genius|Only 25.99|Link in bio 🔗,scheduled
13,2026-03-12,19:00,product_demo,Desk Organizer with Drawer Office Supplies Caddy,"If you have a small apartment, you NEED this","[0-3s] If you have a small apartment, you NEED this
[3-8s] Show the product in use - highlight key feature
[8-15s] Show result/benefit
[15-20s] Show different use cases
[20-25s] Price reveal with shock face
[25-30s] CTA",Link in bio - only 25.99,#tiktokmademebuyit #amazonfinds #musthave #desksetup #officedecor #workfromhome,"Why didn't anyone tell me about Desk Organizer with Drawer Office Supplies Caddy sooner?! 🤯

Link in bio + use code TIKTOK10",Wait for it...|This is genius|Only 25.99|Link in bio 🔗,scheduled
13,2026-03-12,12:00,product_demo,Desk Organizer with Drawer Office Supplies Caddy,This is the Desk Organizer with your bedroom needs,"[0-3s] This is the Desk Organizer with your bedroom needs
[3-8s] Show the product in use - highlight key feature
[8-15s] Show result/benefit
[15-20s] Show different use cases
[20-25s] Price reveal with shock face
[25-30s] CTA",Link in bio - only 25.99,#tiktokmademebuyit #amazonfinds #musthave #desksetup #officedecor #workfromhome,"This Desk Organizer with Drawer Office Supplies Caddy went viral for a reason 🔥

Get yours - link in bio!",Wait for it...|This is genius|Only 25.99|Link in bio 🔗,scheduled
14,2026-03-13,8:00,before_after,"Dimmable Candle Warmer Lamp – Efficient, Flame-Free Fragrance",The before and after will shock you 😱,"[0-3s] The before and after will shock you 😱
[3-5s] Show messy/problem state
[5-8s] Add Dimmable Candle Warmer Lamp – Efficient, Flame-Free Fragrance 
[8-12s] Quick transformation montage
[12-15s] Reveal organized/beautiful result
[15-20s] Your reaction + CTA",Get organized - link in bio!,#beforeandafter #transformation #organization #satisfying,"POV: You discovered the Dimmable Candle Warmer Lamp – Efficient, Flame-Free Fragrance ✨

Link in bio to transform your space!",Before 😫|After ✨|Game changer!,scheduled
14,2026-03-13,20:00,before_after,"Dimmable Candle Warmer Lamp – Efficient, Flame-Free Fragrance",The before and after will shock you 😱,"[0-3s] The before and after will shock you 😱
[3-5s] Show messy/problem state
[5-8s] Add Dimmable Candle Warmer Lamp – Efficient, Flame-Free Fragrance 
[8-12s] Quick transformation montage
[12-15s] Reveal organized/beautiful result
[15-20s] Your reaction + CTA",Get organized - link in bio!,#beforeandafter #transformation #organization #satisfying,"POV: You discovered the Dimmable Candle Warmer Lamp – Efficient, Flame-Free Fragrance ✨

Link in bio to transform your space!",Before 😫|After ✨|Game changer!,scheduled
15,2026-03-14,13:00,transformation,"Dog Car Seat Cover, Back Seat Cover for Dogs Pet Car Seat Protector Waterproof Bench Car Seat Cover, Non-Slip Reat Seat Cover Fits Middle Armrest for Most Cars Trucks Suvs - Black",POV: You finally found the perfect Dog Car Seat,"[0-3s] POV: You finally found the perfect Dog Car Seat
[3-8s] Show the product in use - highlight key feature
[8-15s] Show result/benefit
[15-20s] Show different use cases
[20-25s] Price reveal with shock face
[25-30s] CTA",Link in bio - only 32.94,#tiktokmademebuyit #amazonfinds #musthave #caraccessories #cargadgets #carhacks #petsoftiktok #dogtok,"The way this changed everything... ✨

Dog Car Seat Cover, Back Seat Cover for Dogs Pet Car Seat Protector Waterproof Bench Car Seat Cover, Non-Slip Reat Seat Cover Fits Middle Armrest for Most Cars Trucks Suvs - Black - link in bio!",Wait for it...|This is genius|Only 32.94|Link in bio 🔗,scheduled
15,2026-03-14,21:00,transformation,"Dog Car Seat Cover, Back Seat Cover for Dogs Pet Car Seat Protector Waterproof Bench Car Seat Cover, Non-Slip Reat Seat Cover Fits Middle Armrest for Most Cars Trucks Suvs - Black",This is your sign to get Dog Car Seat,"[0-3s] This is your sign to get Dog Car Seat
[3-8s] Show the product in use - highlight key feature
[8-15s] Show result/benefit
[15-20s] Show different use cases
[20-25s] Price reveal with shock face
[25-30s] CTA",Link in bio - only 32.94,#tiktokmademebuyit #amazonfinds #musthave #caraccessories #cargadgets #carhacks #petsoftiktok #dogtok,"POV: You found the perfect Dog Car Seat Cover, Back Seat Cover for Dogs Pet Car Seat Protector Waterproof Bench Car Seat Cover, Non-Slip Reat Seat Cover Fits Middle Armrest for Most Cars Trucks Suvs - Black 🥹

Link in bio!",Wait for it...|This is genius|Only 32.94|Link in bio 🔗,scheduled
16,2026-03-15,9:00,tips_educational,Drawer Organizer Adjustable Expandable Utensil Tray,Things that just make sense: Drawer Organizer Adjustable,"[0-3s] Things that just make sense: Drawer Organizer Adjustable
[3-8s] Show the product in use - highlight key feature
[8-15s] Show result/benefit
[15-20s] Show different use cases
[20-25s] Price reveal with shock face
[25-30s] CTA",Link in bio - only 22.99,#tiktokmademebuyit #amazonfinds #musthave,"Why didn't anyone tell me about Drawer Organizer Adjustable Expandable Utensil Tray sooner?! 🤯

Link in bio + use code TIKTOK10",Wait for it...|This is genius|Only 22.99|Link in bio 🔗,scheduled
16,2026-03-15,15:00,tips_educational,Drawer Organizer Adjustable Expandable Utensil Tray,"If you're still using regular organizers, stop ✋","[0-3s] If you're still using regular organizers, stop ✋
[3-8s] Show the product in use - highlight key feature
[8-15s] Show result/benefit
[15-20s] Show different use cases
[20-25s] Price reveal with shock face
[25-30s] CTA",Link in bio - only 22.99,#tiktokmademebuyit #amazonfinds #musthave,"This Drawer Organizer Adjustable Expandable Utensil Tray went viral for a reason 🔥

Get yours - link in bio!",Wait for it...|This is genius|Only 22.99|Link in bio 🔗,scheduled
16,2026-03-15,9:00,tips_educational,Drawer Organizer Adjustable Expandable Utensil Tray,"If you're still using regular organizers, stop ✋","[0-3s] If you're still using regular organizers, stop ✋
[3-8s] Show the product in use - highlight key feature
[8-15s] Show result/benefit
[15-20s] Show different use cases
[20-25s] Price reveal with shock face
[25-30s] CTA",Link in bio - only 22.99,#tiktokmademebuyit #amazonfinds #musthave,"This Drawer Organizer Adjustable Expandable Utensil Tray went viral for a reason 🔥

Get yours - link in bio!",Wait for it...|This is genius|Only 22.99|Link in bio 🔗,scheduled
17,2026-03-16,20:00,asmr_satisfying,Example product,Stop scrolling if you hate messy spaces,"[0-3s] Stop scrolling if you hate messy spaces
[3-8s] Show the product in use - highlight key feature
[8-15s] Show result/benefit
[15-20s] Show different use cases
[20-25s] Price reveal with shock face
[25-30s] CTA",Link in bio - only 100.00,#tiktokmademebuyit #amazonfinds #musthave,"Add to cart energy 🛒✨

Example product
Link in bio!",Wait for it...|This is genius|Only 100.00|Link in bio 🔗,scheduled
17,2026-03-16,22:00,asmr_satisfying,Example product,The way this Example product changed everything...,"[0-3s] The way this Example product changed everything...
[3-8s] Show the product in use - highlight key feature
[8-15s] Show result/benefit
[15-20s] Show different use cases
[20-25s] Price reveal with shock face
[25-30s] CTA",Link in bio - only 100.00,#tiktokmademebuyit #amazonfinds #musthave,"Why didn't anyone tell me about Example product sooner?! 🤯

Link in bio + use code TIKTOK10",Wait for it...|This is genius|Only 100.00|Link in bio 🔗,scheduled
18,2026-03-17,19:00,storytime,Example product,Storytime: how this changed my life,"[0-5s] Storytime: how this changed my life
[5-15s] Tell relatable story about the problem
[15-30s] Discovery moment
[30-45s] Using the product
[45-60s] Results + recommendation
[60-75s] CTA + personal endorsement",Link in bio - game changer!,#storytime #review #honestreview #worthit,"Real talk about Example product

Spoiler: 10/10 recommend ⭐
Link in bio!",Storytime 📖|Part 1,scheduled
18,2026-03-17,21:00,storytime,Example product,Storytime: how this changed my life,"[0-5s] Storytime: how this changed my life
[5-15s] Tell relatable story about the problem
[15-30s] Discovery moment
[30-45s] Using the product
[45-60s] Results + recommendation
[60-75s] CTA + personal endorsement",Link in bio - game changer!,#storytime #review #honestreview #worthit,"Real talk about Example product

Spoiler: 10/10 recommend ⭐
Link in bio!",Storytime 📖|Part 1,scheduled
19,2026-03-18,12:00,product_demo,Example product,This Example product went viral for a reason,"[0-3s] This Example product went viral for a reason
[3-8s] Show the product in use - highlight key feature
[8-15s] Show result/benefit
[15-20s] Show different use cases
[20-25s] Price reveal with shock face
[25-30s] CTA",Link in bio - only 100.00,#tiktokmademebuyit #amazonfinds #musthave,"This Example product went viral for a reason 🔥

Get yours - link in bio!",Wait for it...|This is genius|Only 100.00|Link in bio 🔗,scheduled
19,2026-03-18,19:00,product_demo,Example product,Things that just make sense: Example product,"[0-3s] Things that just make sense: Example product
[3-8s] Show the product in use - highlight key feature
[8-15s] Show result/benefit
[15-20s] Show different use cases
[20-25s] Price reveal with shock face
[25-30s] CTA",Link in bio - only 100.00,#tiktokmademebuyit #amazonfinds #musthave,"The way this changed everything... ✨

Example product - link in bio!",Wait for it...|This is genius|Only 100.00|Link in bio 🔗,scheduled
19,2026-03-18,12:00,product_demo,Example product,The way this Example product changed everything...,"[0-3s] The way this Example product changed everything...
[3-8s] Show the product in use - highlight key feature
[8-15s] Show result/benefit
[15-20s] Show different use cases
[20-25s] Price reveal with shock face
[25-30s] CTA",Link in bio - only 100.00,#tiktokmademebuyit #amazonfinds #musthave,"The way this changed everything... ✨

Example product - link in bio!",Wait for it...|This is genius|Only 100.00|Link in bio 🔗,scheduled
20,2026-03-19,8:00,before_after,Example product,The before and after will shock you 😱,"[0-3s] The before and after will shock you 😱
[3-5s] Show messy/problem state
[5-8s] Add Example product 
[8-12s] Quick transformation montage
[12-15s] Reveal organized/beautiful result
[15-20s] Your reaction + CTA",Get organized - link in bio!,#beforeandafter #transformation #organization #satisfying,"POV: You discovered the Example product ✨

Link in bio to transform your space!",Before 😫|After ✨|Game changer!,scheduled
20,2026-03-19,20:00,before_after,Example product,The before and after will shock you 😱,"[0-3s] The before and after will shock you 😱
[3-5s] Show messy/problem state
[5-8s] Add Example product 
[8-12s] Quick transformation montage
[12-15s] Reveal organized/beautiful result
[15-20s] Your reaction + CTA",Get organized - link in bio!,#beforeandafter #transformation #organization #satisfying,"POV: You discovered the Example product ✨

Link in bio to transform your space!",Before 😫|After ✨|Game changer!,scheduled
21,2026-03-20,13:00,transformation,"Floating Shelves Wall Mounted Set of 2, Wall Shelves with 2 Towel Holders & 12 Hooks, Multifunctional Storage Shelf Rustic Wood Decoration Shelves for Bathroom, Living Room (Brown 15.75In)",This is the Floating Shelves Wall your bedroom needs,"[0-3s] This is the Floating Shelves Wall your bedroom needs
[3-8s] Show the product in use - highlight key feature
[8-15s] Show result/benefit
[15-20s] Show different use cases
[20-25s] Price reveal with shock face
[25-30s] CTA",Link in bio - only 165.01,#tiktokmademebuyit #amazonfinds #musthave #bathroomorganization #bathroomdecor #selfcare,"Why didn't anyone tell me about Floating Shelves Wall Mounted Set of 2, Wall Shelves with 2 Towel Holders & 12 Hooks, Multifunctional Storage Shelf Rustic Wood Decoration Shelves for Bathroom, Living Room (Brown 15.75In) sooner?! 🤯

Link in bio + use code TIKTOK10",Wait for it...|This is genius|Only 165.01|Link in bio 🔗,scheduled
21,2026-03-20,21:00,transformation,"Floating Shelves Wall Mounted Set of 2, Wall Shelves with 2 Towel Holders & 12 Hooks, Multifunctional Storage Shelf Rustic Wood Decoration Shelves for Bathroom, Living Room (Brown 15.75In)",This Floating Shelves Wall saved my morning routine,"[0-3s] This Floating Shelves Wall saved my morning routine
[3-8s] Show the product in use - highlight key feature
[8-15s] Show result/benefit
[15-20s] Show different use cases
[20-25s] Price reveal with shock face
[25-30s] CTA",Link in bio - only 165.01,#tiktokmademebuyit #amazonfinds #musthave #bathroomorganization #bathroomdecor #selfcare,"Why didn't anyone tell me about Floating Shelves Wall Mounted Set of 2, Wall Shelves with 2 Towel Holders & 12 Hooks, Multifunctional Storage Shelf Rustic Wood Decoration Shelves for Bathroom, Living Room (Brown 15.75In) sooner?! 🤯

Link in bio + use code TIKTOK10",Wait for it...|This is genius|Only 165.01|Link in bio 🔗,scheduled
22,2026-03-21,9:00,tips_educational,High Heel Shoe Wine Bottle Holder,This is your sign to get High Heel Shoe,"[0-3s] This is your sign to get High Heel Shoe
[3-8s] Show the product in use - highlight key feature
[8-15s] Show result/benefit
[15-20s] Show different use cases
[20-25s] Price reveal with shock face
[25-30s] CTA",Link in bio - only 22.99,#tiktokmademebuyit #amazonfinds #musthave,"Why didn't anyone tell me about High Heel Shoe Wine Bottle Holder sooner?! 🤯

Link in bio + use code TIKTOK10",Wait for it...|This is genius|Only 22.99|Link in bio 🔗,scheduled
22,2026-03-21,15:00,tips_educational,High Heel Shoe Wine Bottle Holder,Stop scrolling if you hate messy spaces,"[0-3s] Stop scrolling if you hate messy spaces
[3-8s] Show the product in use - highlight key feature
[8-15s] Show result/benefit
[15-20s] Show different use cases
[20-25s] Price reveal with shock face
[25-30s] CTA",Link in bio - only 22.99,#tiktokmademebuyit #amazonfinds #musthave,"Add to cart energy 🛒✨

High Heel Shoe Wine Bottle Holder
Link in bio!",Wait for it...|This is genius|Only 22.99|Link in bio 🔗,scheduled
22,2026-03-21,9:00,tips_educational,High Heel Shoe Wine Bottle Holder,This is your sign to get High Heel Shoe,"[0-3s] This is your sign to get High Heel Shoe
[3-8s] Show the product in use - highlight key feature
[8-15s] Show result/benefit
[15-20s] Show different use cases
[20-25s] Price reveal with shock face
[25-30s] CTA",Link in bio - only 22.99,#tiktokmademebuyit #amazonfinds #musthave,"POV: You found the perfect High Heel Shoe Wine Bottle Holder 🥹

Link in bio!",Wait for it...|This is genius|Only 22.99|Link in bio 🔗,scheduled
23,2026-03-22,20:00,asmr_satisfying,"Intelligent Human Body Induction LED Night Light – Rechargeable Wall Light for Corridor, Cabinet, and Toilet",Stop scrolling if you hate messy spaces,"[0-3s] Stop scrolling if you hate messy spaces
[3-8s] Show the product in use - highlight key feature
[8-15s] Show result/benefit
[15-20s] Show different use cases
[20-25s] Price reveal with shock face
[25-30s] CTA",Link in bio - only 15.99,#tiktokmademebuyit #amazonfinds #musthave,"POV: You found the perfect Intelligent Human Body Induction LED Night Light – Rechargeable Wall Light for Corridor, Cabinet, and Toilet 🥹

Link in bio!",Wait for it...|This is genius|Only 15.99|Link in bio 🔗,scheduled
23,2026-03-22,22:00,asmr_satisfying,"Intelligent Human Body Induction LED Night Light – Rechargeable Wall Light for Corridor, Cabinet, and Toilet",This Intelligent Human Body saved my morning routine,"[0-3s] This Intelligent Human Body saved my morning routine
[3-8s] Show the product in use - highlight key feature
[8-15s] Show result/benefit
[15-20s] Show different use cases
[20-25s] Price reveal with shock face
[25-30s] CTA",Link in bio - only 15.99,#tiktokmademebuyit #amazonfinds #musthave,"This Intelligent Human Body Induction LED Night Light – Rechargeable Wall Light for Corridor, Cabinet, and Toilet went viral for a reason 🔥

Get yours - link in bio!",Wait for it...|This is genius|Only 15.99|Link in bio 🔗,scheduled
24,2026-03-23,19:00,storytime,Jewelry Organizer Tray Stackable Velvet Drawers,Storytime: how this changed my life,"[0-5s] Storytime: how this changed my life
[5-15s] Tell relatable story about the problem
[15-30s] Discovery moment
[30-45s] Using the product
[45-60s] Results + recommendation
[60-75s] CTA + personal endorsement",Link in bio - game changer!,#storytime #review #honestreview #worthit,"Real talk about Jewelry Organizer Tray Stackable Velvet Drawers

Spoiler: 10/10 recommend ⭐
Link in bio!",Storytime 📖|Part 1,scheduled
24,2026-03-23,21:00,storytime,Jewelry Organizer Tray Stackable Velvet Drawers,Storytime: how this changed my life,"[0-5s] Storytime: how this changed my life
[5-15s] Tell relatable story about the problem
[15-30s] Discovery moment
[30-45s] Using the product
[45-60s] Results + recommendation
[60-75s] CTA + personal endorsement",Link in bio - game changer!,#storytime #review #honestreview #worthit,"Real talk about Jewelry Organizer Tray Stackable Velvet Drawers

Spoiler: 10/10 recommend ⭐
Link in bio!",Storytime 📖|Part 1,scheduled
25,2026-03-24,12:00,product_demo,Kitchen Flow Station Mat,"If you're still using regular organizers, stop ✋","[0-3s] If you're still using regular organizers, stop ✋
[3-8s] Show the product in use - highlight key feature
[8-15s] Show result/benefit
[15-20s] Show different use cases
[20-25s] Price reveal with shock face
[25-30s] CTA",Link in bio - only 12.54,#tiktokmademebuyit #amazonfinds #musthave #kitchenhacks #kitchenorganization #cookinghacks,"This Kitchen Flow Station Mat went viral for a reason 🔥

Get yours - link in bio!",Wait for it...|This is genius|Only 12.54|Link in bio 🔗,scheduled
25,2026-03-24,19:00,product_demo,Kitchen Flow Station Mat,The way this Kitchen Flow Station changed everything...,"[0-3s] The way this Kitchen Flow Station changed everything...
[3-8s] Show the product in use - highlight key feature
[8-15s] Show result/benefit
[15-20s] Show different use cases
[20-25s] Price reveal with shock face
[25-30s] CTA",Link in bio - only 12.54,#tiktokmademebuyit #amazonfinds #musthave #kitchenhacks #kitchenorganization #cookinghacks,"The way this changed everything... ✨

Kitchen Flow Station Mat - link in bio!",Wait for it...|This is genius|Only 12.54|Link in bio 🔗,scheduled
25,2026-03-24,12:00,product_demo,Kitchen Flow Station Mat,Stop scrolling if you hate messy spaces,"[0-3s] Stop scrolling if you hate messy spaces
[3-8s] Show the product in use - highlight key feature
[8-15s] Show result/benefit
[15-20s] Show different use cases
[20-25s] Price reveal with shock face
[25-30s] CTA",Link in bio - only 12.54,#tiktokmademebuyit #amazonfinds #musthave #kitchenhacks #kitchenorganization #cookinghacks,"This Kitchen Flow Station Mat went viral for a reason 🔥

Get yours - link in bio!",Wait for it...|This is genius|Only 12.54|Link in bio 🔗,scheduled
26,2026-03-25,8:00,before_after,Laundry Hamper with Lid Collapsible Clothes Basket,The before and after will shock you 😱,"[0-3s] The before and after will shock you 😱
[3-5s] Show messy/problem state
[5-8s] Add Laundry Hamper with Lid Collapsible Clothes Basket 
[8-12s] Quick transformation montage
[12-15s] Reveal organized/beautiful result
[15-20s] Your reaction + CTA",Get organized - link in bio!,#beforeandafter #transformation #organization #satisfying,"POV: You discovered the Laundry Hamper with Lid Collapsible Clothes Basket ✨

Link in bio to transform your space!",Before 😫|After ✨|Game changer!,scheduled
26,2026-03-25,20:00,before_after,Laundry Hamper with Lid Collapsible Clothes Basket,The before and after will shock you 😱,"[0-3s] The before and after will shock you 😱
[3-5s] Show messy/problem state
[5-8s] Add Laundry Hamper with Lid Collapsible Clothes Basket 
[8-12s] Quick transformation montage
[12-15s] Reveal organized/beautiful result
[15-20s] Your reaction + CTA",Get organized - link in bio!,#beforeandafter #transformation #organization #satisfying,"POV: You discovered the Laundry Hamper with Lid Collapsible Clothes Basket ✨

Link in bio to transform your space!",Before 😫|After ✨|Game changer!,scheduled
27,2026-03-26,13:00,transformation,"Modern LED Wall Lamp – Minimalist Art Design for Bedroom, Living Room, and Bathroom, Gold/Black",Things that just make sense: Modern LED Wall,"[0-3s] Things that just make sense: Modern LED Wall
[3-8s] Show the product in use - highlight key feature
[8-15s] Show result/benefit
[15-20s] Show different use cases
[20-25s] Price reveal with shock face
[25-30s] CTA",Link in bio - only 73.00,#tiktokmademebuyit #amazonfinds #musthave #bathroomorganization #bathroomdecor #selfcare #bedroomdecor #roommakeover,"This Modern LED Wall Lamp – Minimalist Art Design for Bedroom, Living Room, and Bathroom, Gold/Black went viral for a reason 🔥

Get yours - link in bio!",Wait for it...|This is genius|Only 73.00|Link in bio 🔗,scheduled
27,2026-03-26,21:00,transformation,"Modern LED Wall Lamp – Minimalist Art Design for Bedroom, Living Room, and Bathroom, Gold/Black",This Modern LED Wall went viral for a reason,"[0-3s] This Modern LED Wall went viral for a reason
[3-8s] Show the product in use - highlight key feature
[8-15s] Show result/benefit
[15-20s] Show different use cases
[20-25s] Price reveal with shock face
[25-30s] CTA",Link in bio - only 73.00,#tiktokmademebuyit #amazonfinds #musthave #bathroomorganization #bathroomdecor #selfcare #bedroomdecor #roommakeover,"Add to cart energy 🛒✨

Modern LED Wall Lamp – Minimalist Art Design for Bedroom, Living Room, and Bathroom, Gold/Black
Link in bio!",Wait for it...|This is genius|Only 73.00|Link in bio 🔗,scheduled
28,2026-03-27,9:00,tips_educational,"Moringa Oil Organic 4 OZ – USDA Certified Organic Moringa Seeds Oil - Moringa Oil for Face, Moringa Oleifera for Hair Growth - Therapeutic Grade, Undiluted, Non-Gmo",This is the Moringa Oil Organic your bedroom needs,"[0-3s] This is the Moringa Oil Organic your bedroom needs
[3-8s] Show the product in use - highlight key feature
[8-15s] Show result/benefit
[15-20s] Show different use cases
[20-25s] Price reveal with shock face
[25-30s] CTA",Link in bio - only 165.01,#tiktokmademebuyit #amazonfinds #musthave,"Why didn't anyone tell me about Moringa Oil Organic 4 OZ – USDA Certified Organic Moringa Seeds Oil - Moringa Oil for Face, Moringa Oleifera for Hair Growth - Therapeutic Grade, Undiluted, Non-Gmo sooner?! 🤯

Link in bio + use code TIKTOK10",Wait for it...|This is genius|Only 165.01|Link in bio 🔗,scheduled
28,2026-03-27,15:00,tips_educational,"Moringa Oil Organic 4 OZ – USDA Certified Organic Moringa Seeds Oil - Moringa Oil for Face, Moringa Oleifera for Hair Growth - Therapeutic Grade, Undiluted, Non-Gmo",This Moringa Oil Organic went viral for a reason,"[0-3s] This Moringa Oil Organic went viral for a reason
[3-8s] Show the product in use - highlight key feature
[8-15s] Show result/benefit
[15-20s] Show different use cases
[20-25s] Price reveal with shock face
[25-30s] CTA",Link in bio - only 165.01,#tiktokmademebuyit #amazonfinds #musthave,"This Moringa Oil Organic 4 OZ – USDA Certified Organic Moringa Seeds Oil - Moringa Oil for Face, Moringa Oleifera for Hair Growth - Therapeutic Grade, Undiluted, Non-Gmo went viral for a reason 🔥

Get yours - link in bio!",Wait for it...|This is genius|Only 165.01|Link in bio 🔗,scheduled
28,2026-03-27,9:00,tips_educational,"Moringa Oil Organic 4 OZ – USDA Certified Organic Moringa Seeds Oil - Moringa Oil for Face, Moringa Oleifera for Hair Growth - Therapeutic Grade, Undiluted, Non-Gmo",This is the Moringa Oil Organic your bedroom needs,"[0-3s] This is the Moringa Oil Organic your bedroom needs
[3-8s] Show the product in use - highlight key feature
[8-15s] Show result/benefit
[15-20s] Show different use cases
[20-25s] Price reveal with shock face
[25-30s] CTA",Link in bio - only 165.01,#tiktokmademebuyit #amazonfinds #musthave,"Why didn't anyone tell me about Moringa Oil Organic 4 OZ – USDA Certified Organic Moringa Seeds Oil - Moringa Oil for Face, Moringa Oleifera for Hair Growth - Therapeutic Grade, Undiluted, Non-Gmo sooner?! 🤯

Link in bio + use code TIKTOK10",Wait for it...|This is genius|Only 165.01|Link in bio 🔗,scheduled
29,2026-03-28,20:00,asmr_satisfying,Pantry Clarity System,This Pantry Clarity System saved my morning routine,"[0-3s] This Pantry Clarity System saved my morning routine
[3-8s] Show the product in use - highlight key feature
[8-15s] Show result/benefit
[15-20s] Show different use cases
[20-25s] Price reveal with shock face
[25-30s] CTA",Link in bio - only 2.00,#tiktokmademebuyit #amazonfinds #musthave,"The way this changed everything... ✨

Pantry Clarity System - link in bio!",Wait for it...|This is genius|Only 2.00|Link in bio 🔗,scheduled
29,2026-03-28,22:00,asmr_satisfying,Pantry Clarity System,POV: You finally found the perfect Pantry Clarity System,"[0-3s] POV: You finally found the perfect Pantry Clarity System
[3-8s] Show the product in use - highlight key feature
[8-15s] Show result/benefit
[15-20s] Show different use cases
[20-25s] Price reveal with shock face
[25-30s] CTA",Link in bio - only 2.00,#tiktokmademebuyit #amazonfinds #musthave,"This Pantry Clarity System went viral for a reason 🔥

Get yours - link in bio!",Wait for it...|This is genius|Only 2.00|Link in bio 🔗,scheduled
30,2026-03-29,19:00,storytime,Pantry Organization and Storage Bins Set of 6,Storytime: how this changed my life,"[0-5s] Storytime: how this changed my life
[5-15s] Tell relatable story about the problem
[15-30s] Discovery moment
[30-45s] Using the product
[45-60s] Results + recommendation
[60-75s] CTA + personal endorsement",Link in bio - game changer!,#storytime #review #honestreview #worthit,"Real talk about Pantry Organization and Storage Bins Set of 6

Spoiler: 10/10 recommend ⭐
Link in bio!",Storytime 📖|Part 1,scheduled
30,2026-03-29,21:00,storytime,Pantry Organization and Storage Bins Set of 6,Storytime: how this changed my life,"[0-5s] Storytime: how this changed my life
[5-15s] Tell relatable story about the problem
[15-30s] Discovery moment
[30-45s] Using the product
[45-60s] Results + recommendation
[60-75s] CTA + personal endorsement",Link in bio - game changer!,#storytime #review #honestreview #worthit,"Real talk about Pantry Organization and Storage Bins Set of 6

Spoiler: 10/10 recommend ⭐
Link in bio!",Storytime 📖|Part 1,scheduled
